Provider,TLD,Price,Date
Dynadot,.com,10.88,2026-04-14 01:25:35
Dynadot,.org,6.99,2026-04-14 01:25:35
Dynadot,.co,9.3,2026-04-14 01:25:35
Dynadot,.io,28.89,2026-04-14 01:25:35
Dynadot,.net,12.52,2026-04-14 01:25:35
Namecheap,.com,11.28,2026-04-14 01:25:35
Namecheap,.org,7.48,2026-04-14 01:25:35
Namecheap,.net,12.48,2026-04-14 01:25:35
Namecheap,.io,34.98,2026-04-14 01:25:35
Namecheap,.co,12.48,2026-04-14 01:25:35
Hostinger,.com,0.01,2026-04-14 01:25:35
Hostinger,.org,7.99,2026-04-14 01:25:35
Hostinger,.net,11.99,2026-04-14 01:25:35
Hostinger,.co,27.99,2026-04-14 01:25:35
Hostinger,.io,31.99,2026-04-14 01:25:35
Porkbun,.co,25.03,2026-04-14 01:25:35
Porkbun,.com,11.08,2026-04-14 01:25:35
Porkbun,.io,28.12,2026-04-14 01:25:35
Porkbun,.net,12.52,2026-04-14 01:25:35
Porkbun,.org,6.88,2026-04-14 01:25:35
IONOS,.co,36.0,2026-04-14 01:25:35
IONOS,.com,10.0,2026-04-14 01:25:35
IONOS,.org,7.0,2026-04-14 01:25:35
IONOS,.io,40.99,2026-04-14 01:25:35
IONOS,.net,12.0,2026-04-14 01:25:35
